[
  {
    "name": "张杰",
    "institution": "上海交通大学",
    "title": "院士、李政道研究所所长、大装置群总设计师",
    "photo": "zhangjie.jpeg"
  },
  {
    "name": "景益鹏",
    "institution": "上海交通大学",
    "title": "院士、JUST科学委员会主席",
    "photo": "yipeng.jpeg"
  },
  {
    "name": "崔向群",
    "institution": "中国科学院 南京天文光学技术研究所",
    "title": "院士、JUST建设委员会主席",
    "photo": "xiangqun.jpeg"
  },
  {
    "name": "吴旦",
    "institution": "上海交通大学",
    "title": "校务委员会专职副主任、JUST总指挥",
    "photo": "dan.jpeg"
  },
  {
    "name": "刘江来",
    "institution": "上海交通大学",
    "title": "李政道研究所副所长",
    "photo": "jianglai.jpeg"
  },
  {
    "name": "曾小勤",
    "institution": "上海交通大学",
    "title": "科研院",
    "photo": "xiaoqin.jpeg"
  },
  {
    "name": "赵昕",
    "institution": "上海交通大学",
    "title": "资产与实验处",
    "photo": "xin.jpeg"
  },
  {
    "name": "胡薇",
    "institution": "上海交通大学",
    "title": "重点办",
    "photo": "noavatar.jpeg"
  },
  {
    "name": "杨小虎",
    "institution": "上海交通大学",
    "title": "JUST项目负责人、总设计师",
    "photo": "xiaohu.jpeg"
  },
  {
    "name": "郑宪忠",
    "institution": "上海交通大学",
    "title": "JUST副总指挥、建设委员会主任、科学委员会副主任",
    "photo": "xianzhong.jpeg"
  },
  {
    "name": "侯永辉",
    "institution": "中国科学院 南京天文光学技术研究所",
    "title": "JUST副总指挥、建设委员会副主任",
    "photo": "yonghui.jpeg"
  },
  {
    "name": "袁祥岩",
    "institution": "中国科学院 南京天文光学技术研究所",
    "title": "JUST副总设计师、党委书记",
    "photo": "xiangyan.jpeg"
  },
  {
    "name": "杨德华",
    "institution": "中国科学院 南京天文光学技术研究所",
    "title": "JUST副总设计师、本体研制负责人、总工程师",
    "photo": "dehua.jpeg"
  },
  {
    "name": "祖颖",
    "institution": "上海交通大学",
    "title": "JUST副总设计师、星系巡天策略负责人",
    "photo": "ying.jpeg"
  },
  {
    "name": "张鹏杰",
    "institution": "上海交通大学",
    "title": "JUST科学委员会主任、科学系统负责人",
    "photo": "pengjie.jpeg"
  },
  {
    "name": "张园园",
    "institution": "上海交通大学",
    "title": "李政道研究所大装置项目主管、JUST项目主管",
    "photo": "yuanyuan.jpeg"
  },
  {
    "name": "张骏",
    "institution": "上海交通大学",
    "title": "JUST宇宙学研究负责人",
    "photo": "jun.jpeg"
  },
  {
    "name": "冯发波",
    "institution": "上海交通大学",
    "title": "JUST系外行星系统负责人",
    "photo": "fabo.jpeg"
  },
  {
    "name": "赖东",
    "institution": "上海交通大学",
    "title": "JUST系外行星和时域科学负责人",
    "photo": "dong.jpeg"
  },
  {
    "name": "谭先瑜",
    "institution": "上海交通大学",
    "title": "JUST行星光谱科学负责人",
    "photo": "xianyu.jpeg"
  },
  {
    "name": "韩家信",
    "institution": "上海交通大学",
    "title": "JUST数据库系统负责人",
    "photo": "jiaxin.jpeg"
  },
  {
    "name": "余瑜",
    "institution": "上海交通大学",
    "title": "JUST科学数据分析系统负责人",
    "photo": "yu.jpeg"
  },
  {
    "name": "刘成则",
    "institution": "上海交通大学",
    "title": "JUST建设委员会副主任、基建系统负责人",
    "photo": "chengze.jpeg"
  },
  {
    "name": "李兆聿",
    "institution": "上海交通大学",
    "title": "JUST恒星科学负责人",
    "photo": "zhaoyu.jpeg"
  },
  {
    "name": "顾一舟",
    "institution": "上海交通大学",
    "title": "项目经理、JUST光谱巡天数据处理系统负责人",
    "photo": "yizhou.jpeg"
  },
  {
    "name": "黄梅珍",
    "institution": "上海交通大学",
    "title": "JUST光谱仪研制负责人",
    "photo": "meizhen.jpeg"
  },
  {
    "name": "白华",
    "institution": "中国科学院 南京天文光学技术研究所",
    "title": "JUST光学系统负责人",
    "photo": "hua.jpeg"
  },
  {
    "name": "张勇",
    "institution": "中国科学院 南京天文光学技术研究所 / 中国科学院国家天文台",
    "title": "JUST主动光学负责人",
    "photo": "yong.jpeg"
  },
  {
    "name": "顾伯忠",
    "institution": "中国科学院 南京天文光学技术研究所",
    "title": "JUST机架和跟踪负责人",
    "photo": "bozhong.jpeg"
  },
  {
    "name": "李博",
    "institution": "中国科学院 南京天文光学技术研究所",
    "title": "JUST镜面研制负责人",
    "photo": "bo.jpeg"
  },
  {
    "name": "季杭馨",
    "institution": "中国科学院 南京天文光学技术研究所",
    "title": "JUST终端仪器负责人",
    "photo": "hangxin.jpeg"
  },
  {
    "name": "齐朝祥",
    "institution": "中国科学院 上海天文台",
    "title": "JUST导星镜负责人",
    "photo": "zhaoxiang.jpeg"
  },
  {
    "name": "翟超",
    "institution": "中国科学技术大学",
    "title": "JUST光纤定位仪负责人",
    "photo": "noavatar.jpeg"
  },
  {
    "name": "石井花",
    "institution": "上海交通大学",
    "title": "李政道研究所科研办",
    "photo": "jinghua.jpeg"
  },
  {
    "name": "陆晓钧",
    "institution": "上海交通大学",
    "title": "李政道研究所资实办主任",
    "photo": "xiaojun.jpeg"
  },
  {
    "name": "芮易成",
    "institution": "上海交通大学",
    "title": "JUST网站建设负责人",
    "photo": "yicheng.jpeg"
  },
  {
    "name": "黄佳羽",
    "institution": "上海交通大学",
    "title": "JUST项目秘书",
    "photo": "jiayu.jpeg"
  },
  {
    "name": "张昊彤",
    "institution": "中国科学院国家天文台",
    "title": "JUST建设监理会主任、科学委员会副主任",
    "photo": "haotong.jpeg"
  },
  {
    "name": "朱青峰",
    "institution": "中国科学技术大学",
    "title": "JUST建设监理会副主任",
    "photo": "qingfeng.jpeg"
  },
  {
    "name": "郑立新",
    "institution": "中国科学院 上海天文台",
    "title": "JUST建设监理会委员",
    "photo": "lixin.jpeg"
  },
  {
    "name": "田才让",
    "institution": "冷湖科技创新产业园区管理委员会",
    "title": "党委书记、海西州人大副主任",
    "photo": "cairang.jpeg"
  },
  {
    "name": "曹春林",
    "institution": "冷湖科技创新产业园区管理委员会",
    "title": "副主任",
    "photo": "noavatar.jpeg"
  },
  {
    "name": "李炜",
    "institution": "冷湖科技创新产业园区管理委员会",
    "title": "副主任",
    "photo": "noavatar.jpeg"
  },
  {
    "name": "赵毅",
    "institution": "冷湖科技创新产业园区管理委员会",
    "title": "副主任",
    "photo": "noavatar.jpeg"
  }
]



